-- ============================================================
-- MASTER Moldova — Demo Seed Data
-- Run in: Supabase Dashboard → SQL Editor → New query
-- After restoring the project from pause.
-- ============================================================

-- Bypass RLS for bulk insert (postgres superuser in SQL Editor does this automatically)
-- If you get permission errors, prepend: SET LOCAL session_replication_role = replica;

-- ── Clean existing data ───────────────────────────────────────
delete from public.reviews         where true;
delete from public.bids            where true;
delete from public.jobs            where true;
delete from public.profiles_worker where true;
delete from public.profiles        where true;

-- ── Workers ──────────────────────────────────────────────────
insert into public.profiles (id, phone, role, name, city) values
  ('11111111-0000-0000-0000-000000000001', '+37360000001', 'worker', 'Andrei Moraru',   'Бельцы'),
  ('11111111-0000-0000-0000-000000000002', '+37360000002', 'worker', 'Ion Pascari',     'Бельцы'),
  ('11111111-0000-0000-0000-000000000003', '+37360000003', 'worker', 'Vasile Cojocaru', 'Бельцы'),
  ('11111111-0000-0000-0000-000000000004', '+37360000004', 'worker', 'Dmitrii Lungu',   'Бельцы'),
  ('11111111-0000-0000-0000-000000000005', '+37360000005', 'worker', 'Nicolae Rusu',    'Бельцы'),
  ('11111111-0000-0000-0000-000000000006', '+37360000006', 'worker', 'Sergiu Balan',    'Бельцы');

insert into public.profiles_worker
  (id, categories, areas, experience_yrs, bio, is_pro, verified, rating_avg, rating_count, bid_credits) values

  ('11111111-0000-0000-0000-000000000001',
   ARRAY['electric','minorRepairs'], ARRAY['Центр','Северный'],
   8, 'Профессиональный электрик с 8-летним опытом. Монтаж, ремонт, замена проводки под ключ. Работаю с документами.',
   true, true, 4.92, 34, 20),

  ('11111111-0000-0000-0000-000000000002',
   ARRAY['plumbing','minorRepairs'], ARRAY['Центр','Южный'],
   5, 'Сантехника любой сложности: трубы, радиаторы, водонагреватели. Быстро и качественно.',
   true, true, 4.75, 21, 15),

  ('11111111-0000-0000-0000-000000000003',
   ARRAY['finishing','painting','tiling'], ARRAY['Центр','Северный','Южный'],
   12, 'Отделочные работы: штукатурка, покраска, плитка, шпатлёвка. Стаж 12 лет, портфолио по запросу.',
   false, true, 4.88, 47, 10),

  ('11111111-0000-0000-0000-000000000004',
   ARRAY['furniture','minorRepairs'], ARRAY['Центр'],
   3, 'Сборка и ремонт мебели любой сложности. Работаю аккуратно, без мусора.',
   false, false, 4.60, 12, 5),

  ('11111111-0000-0000-0000-000000000005',
   ARRAY['roofing','finishing'], ARRAY['Северный','Центр'],
   10, 'Кровельные работы: монтаж, ремонт, гидроизоляция. Работаю по всей Молдове.',
   false, true, 4.70, 18, 10),

  ('11111111-0000-0000-0000-000000000006',
   ARRAY['electric','plumbing'], ARRAY['Центр','Южный'],
   6, 'Электрика и сантехника. Быстрый выезд, честные цены, гарантия на работу.',
   false, false, 4.50, 8, 5);

-- ── Clients ──────────────────────────────────────────────────
insert into public.profiles (id, phone, role, name, city) values
  ('22222222-0000-0000-0000-000000000001', '+37360000011', 'client', 'Maria Popescu',  'Бельцы'),
  ('22222222-0000-0000-0000-000000000002', '+37360000012', 'client', 'Alexei Stratan', 'Бельцы'),
  ('22222222-0000-0000-0000-000000000003', '+37360000013', 'client', 'Elena Botnari',  'Бельцы');

-- ── Jobs ─────────────────────────────────────────────────────
insert into public.jobs
  (id, client_id, description, category, city, area, budget_min, budget_max, urgent, status, created_at) values

  ('33333333-0000-0000-0000-000000000001',
   '22222222-0000-0000-0000-000000000001',
   'Нужно заменить проводку в 3-комнатной квартире. Алюминий на медь, ~80 м². Есть схема квартиры.',
   'electric', 'Бельцы', 'Центр', 4000, 7000, true, 'active',
   now() - interval '2 hours'),

  ('33333333-0000-0000-0000-000000000002',
   '22222222-0000-0000-0000-000000000002',
   'Течёт смеситель на кухне и в ванной. Нужно заменить оба. Краны уже куплены.',
   'plumbing', 'Бельцы', 'Северный', 300, 700, false, 'active',
   now() - interval '5 hours'),

  ('33333333-0000-0000-0000-000000000003',
   '22222222-0000-0000-0000-000000000003',
   'Покраска потолков и стен в 2-х комнатах. Площадь ~45 м². Материалы мои, нужна только работа.',
   'painting', 'Бельцы', 'Южный', 1500, 3000, false, 'active',
   now() - interval '1 day'),

  ('33333333-0000-0000-0000-000000000004',
   '22222222-0000-0000-0000-000000000001',
   'Укладка плитки в ванной: пол и стены, ~18 м². Плитка уже куплена 30×60.',
   'tiling', 'Бельцы', 'Центр', 2500, 4500, false, 'active',
   now() - interval '3 hours'),

  ('33333333-0000-0000-0000-000000000005',
   '22222222-0000-0000-0000-000000000002',
   'Сборка кухонного гарнитура IKEA, 3 модуля + верхние шкафы. С собственным инструментом.',
   'furniture', 'Бельцы', 'Центр', 500, 1000, false, 'done',
   now() - interval '2 days'),

  ('33333333-0000-0000-0000-000000000006',
   '22222222-0000-0000-0000-000000000003',
   'Ремонт кровли над гаражом, примерно 20 м². Небольшие протечки после дождей.',
   'roofing', 'Бельцы', 'Северный', 2000, 4000, false, 'active',
   now() - interval '6 hours');

-- ── Bids ─────────────────────────────────────────────────────
-- status: 'sent' | 'selected' | 'rejected'
insert into public.bids (job_id, worker_id, price, comment, status, created_at) values

  ('33333333-0000-0000-0000-000000000001',
   '11111111-0000-0000-0000-000000000001',
   5500, 'Готов выехать завтра, сделаю за 3-4 дня. Даю гарантию 2 года на все работы.',
   'sent', now() - interval '1 hour'),

  ('33333333-0000-0000-0000-000000000001',
   '11111111-0000-0000-0000-000000000006',
   6000, 'Опыт в замене проводки 6 лет, работаю официально с разрешительными документами.',
   'sent', now() - interval '30 minutes'),

  ('33333333-0000-0000-0000-000000000002',
   '11111111-0000-0000-0000-000000000002',
   450, 'Приеду сегодня вечером или завтра утром. Смесители установлю за 1 час.',
   'sent', now() - interval '4 hours'),

  ('33333333-0000-0000-0000-000000000002',
   '11111111-0000-0000-0000-000000000006',
   380, 'Быстро выеду, работы на полчаса.',
   'sent', now() - interval '3 hours'),

  ('33333333-0000-0000-0000-000000000003',
   '11111111-0000-0000-0000-000000000003',
   2200, 'Стаж 12 лет, покраску выполню качественно. Могу показать портфолио прямо сейчас.',
   'sent', now() - interval '20 hours'),

  ('33333333-0000-0000-0000-000000000004',
   '11111111-0000-0000-0000-000000000003',
   3800, 'Плитку укладываю ровно, с лазерным уровнем. Работа занимает 2 дня.',
   'sent', now() - interval '2 hours'),

  ('33333333-0000-0000-0000-000000000006',
   '11111111-0000-0000-0000-000000000005',
   3200, 'Осмотрю завтра утром, дам точный расчёт. Использую качественные материалы.',
   'sent', now() - interval '5 hours');

-- ── Reviews (on the done job) ─────────────────────────────────
-- columns: job_id, author_id, worker_id, rating, text
insert into public.reviews (job_id, author_id, worker_id, rating, text, created_at) values

  ('33333333-0000-0000-0000-000000000005',
   '22222222-0000-0000-0000-000000000002',
   '11111111-0000-0000-0000-000000000004',
   5, 'Отличная работа! Быстро, аккуратно, убрал за собой. Гарнитур собрал идеально. Рекомендую!',
   now() - interval '1 day');
